{
  // Build Fields
    "MANUFACTURER": "Google",
    "MODEL": "Pixel 9a",
    "FINGERPRINT": "google/tegu_beta/tegu:16/BP31.250610.009/13905196:user/release-keys",
    "BRAND": "google",
    "PRODUCT": "tegu_beta",
    "DEVICE": "tegu",
    "RELEASE": "16",
    "ID": "BP31.250610.009",
    "INCREMENTAL": "13905196",
    "TYPE": "user",
    "TAGS": "release-keys",
    "SECURITY_PATCH": "2025-07-05",
    "DEVICE_INITIAL_SDK_INT": "32",

  // System Properties
    "*.build.id": "BP31.250610.009",
    "*.security_patch": "2025-07-05",
    "*api_level": "32",

  // Advanced Settings
    "spoofBuild": "1",
    "spoofProps": "1",
    "spoofProvider": "1",
    "spoofSignature": "0",
    "spoofVendingSdk": "0",
    "verboseLogs": "0"

  // Beta Released: 2025-08-14
  // Estimated Expiry: 2025-09-25
}
