{"configVersion":92,"detailLog":false,"maxLogSize":512,"forceMountData":true,"aggressiveFilter":false,"templates":{"Integrity-Box-Blacklist":{"isWhitelist":false,"appList":["me.weishu.kernelsu","tn.amin.keyboard_gpt","ru.zdevs.zarchiver","me.piebridge.brevent","io.github.auag0.imnotadeveloper","org.lsposed.manager","com.parallelc.micts","com.dergoogler.mmrl","powersaver.pro","Telegram.Speed.Hook","com.google.android.hmal","com.sevtinge.cemiuiler","com.miui.packageinstaller","com.google.android.youtube","yuki.star.voyager","cn.geektang.privacyspace"]},"Integrity-Box-Whitelist":{"isWhitelist":true,"appList":["com.android.vending","com.google.android.gms","com.android.documentsui","com.android.mms.service","com.android.providers.telephony","com.google.android.apps.messaging","com.android.nfc","com.google.android.gm","com.android.webview","com.google.android.contacts","com.android.server.telecom","com.google.android.syncadapters.contacts","com.google.android.calculator","com.android.dialer","com.android.packageinstaller","com.google.android.apps.photos","com.android.settings","com.google.android.safetycore","com.android.phone","com.android.systemui","com.android.providers.contacts","com.android.bluetooth","com.google.android.inputmethod.latin"]}},"scope":{"com.miniclip.eightballpool":{"useWhitelist":true,"excludeSystemApps":true,"applyTemplates":["Integrity-Box-Whitelist"],"extraAppList":[]},"com.alinma.retail.mobile.v4":{"useWhitelist":true,"excludeSystemApps":true,"applyTemplates":["Integrity-Box-Whitelist"],"extraAppList":[]},"com.alrajhiretailapp":{"useWhitelist":true,"excludeSystemApps":true,"applyTemplates":["Integrity-Box-Whitelist"],"extraAppList":[]},"com.ambank.ambankonline":{"useWhitelist":true,"excludeSystemApps":true,"applyTemplates":["Integrity-Box-Whitelist"],"extraAppList":[]},"com.google.android.contactkeys":{"useWhitelist":true,"excludeSystemApps":true,"applyTemplates":["Integrity-Box-Whitelist"],"extraAppList":[]},"com.google.android.safetycore":{"useWhitelist":true,"excludeSystemApps":true,"applyTemplates":["Integrity-Box-Whitelist"],"extraAppList":[]},"com.bet365.authenticator":{"useWhitelist":true,"excludeSystemApps":true,"applyTemplates":["Integrity-Box-Whitelist"],"extraAppList":[]},"com.authy.authy":{"useWhitelist":true,"excludeSystemApps":true,"applyTemplates":["Integrity-Box-Whitelist"],"extraAppList":[]},"com.axis.mobile":{"useWhitelist":true,"excludeSystemApps":true,"applyTemplates":["Integrity-Box-Whitelist"],"extraAppList":[]},"org.altruist.BajajExperia":{"useWhitelist":true,"excludeSystemApps":true,"applyTemplates":["Integrity-Box-Whitelist"],"extraAppList":[]},"sa.com.barraq":{"useWhitelist":true,"excludeSystemApps":true,"applyTemplates":["Integrity-Box-Whitelist"],"extraAppList":[]},"com.bca":{"useWhitelist":true,"excludeSystemApps":true,"applyTemplates":["Integrity-Box-Whitelist"],"extraAppList":[]},"in.org.npci.upiapp":{"useWhitelist":true,"excludeSystemApps":true,"applyTemplates":["Integrity-Box-Whitelist"],"extraAppList":[]},"com.bankislam.bimbmobile":{"useWhitelist":true,"excludeSystemApps":true,"applyTemplates":["Integrity-Box-Whitelist"],"extraAppList":[]},"com.binance.dev":{"useWhitelist":true,"excludeSystemApps":true,"applyTemplates":["Integrity-Box-Whitelist"],"extraAppList":[]},"de.schildbach.wallet":{"useWhitelist":true,"excludeSystemApps":true,"applyTemplates":["Integrity-Box-Whitelist"],"extraAppList":[]},"com.boi.ua.android":{"useWhitelist":true,"excludeSystemApps":false,"applyTemplates":["Integrity-Box-Whitelist"],"extraAppList":[]},"com.bpi.ng.app":{"useWhitelist":true,"excludeSystemApps":true,"applyTemplates":["Integrity-Box-Whitelist"],"extraAppList":[]},"id.co.bri.brimo":{"useWhitelist":true,"excludeSystemApps":true,"applyTemplates":["Integrity-Box-Whitelist"],"extraAppList":[]},"br.com.gabba.Caixa":{"useWhitelist":true,"excludeSystemApps":true,"applyTemplates":["Integrity-Box-Whitelist"],"extraAppList":[]},"es.caixabank.caixabanksign":{"useWhitelist":true,"excludeSystemApps":true,"applyTemplates":["Integrity-Box-Whitelist"],"extraAppList":[]},"es.lacaixa.mobile.android.newwapicon":{"useWhitelist":true,"excludeSystemApps":false,"applyTemplates":["Integrity-Box-Whitelist"],"extraAppList":[]},"com.canarabank.mobility":{"useWhitelist":true,"excludeSystemApps":true,"applyTemplates":["Integrity-Box-Whitelist"],"extraAppList":[]},"com.ibbl.cellfin":{"useWhitelist":true,"excludeSystemApps":true,"applyTemplates":["Integrity-Box-Whitelist"],"extraAppList":[]},"paymob.cib.smartwallet":{"useWhitelist":true,"excludeSystemApps":true,"applyTemplates":["Integrity-Box-Whitelist"],"extraAppList":[]},"com.cimb.cimbocto":{"useWhitelist":true,"excludeSystemApps":true,"applyTemplates":["Integrity-Box-Whitelist"],"extraAppList":[]},"com.dreamplug.androidapp":{"useWhitelist":true,"excludeSystemApps":true,"applyTemplates":["Integrity-Box-Whitelist"],"extraAppList":[]},"io.faceapp":{"useWhitelist":true,"excludeSystemApps":true,"applyTemplates":["Integrity-Box-Whitelist"],"extraAppList":[]},"com.fampay.in":{"useWhitelist":true,"excludeSystemApps":true,"applyTemplates":["Integrity-Box-Whitelist"],"extraAppList":[]},"com.fincare.mb":{"useWhitelist":true,"excludeSystemApps":true,"applyTemplates":["Integrity-Box-Whitelist"],"extraAppList":[]},"com.epifi.paisa":{"useWhitelist":true,"excludeSystemApps":true,"applyTemplates":["Integrity-Box-Whitelist"],"extraAppList":[]},"com.finopaymentbank.mobile":{"useWhitelist":true,"excludeSystemApps":true,"applyTemplates":["Integrity-Box-Whitelist"],"extraAppList":[]},"app.useflash.teller":{"useWhitelist":true,"excludeSystemApps":true,"applyTemplates":["Integrity-Box-Whitelist"],"extraAppList":[]},"com.google.android.apps.walletnfcrel":{"useWhitelist":true,"excludeSystemApps":true,"applyTemplates":["Integrity-Box-Whitelist"],"extraAppList":[]},"com.google.android.apps.nbu.paisa.user":{"useWhitelist":true,"excludeSystemApps":true,"applyTemplates":["Integrity-Box-Whitelist"],"extraAppList":[]},"com.nextbillion.groww":{"useWhitelist":true,"excludeSystemApps":true,"applyTemplates":["Integrity-Box-Whitelist"],"extraAppList":[]},"com.snapwork.hdfc":{"useWhitelist":true,"excludeSystemApps":true,"applyTemplates":["Integrity-Box-Whitelist"],"extraAppList":[]},"com.icicidirect.idirectsuper":{"useWhitelist":true,"excludeSystemApps":true,"applyTemplates":["Integrity-Box-Whitelist"],"extraAppList":[]},"com.indiainfoline":{"useWhitelist":true,"excludeSystemApps":true,"applyTemplates":["Integrity-Box-Whitelist"],"extraAppList":[]},"io.elevenlabs.readerapp":{"useWhitelist":true,"excludeSystemApps":true,"applyTemplates":["Integrity-Box-Whitelist"],"extraAppList":[]},"com.csam.icici.bank.imobile":{"useWhitelist":true,"excludeSystemApps":true,"applyTemplates":["Integrity-Box-Whitelist"],"extraAppList":[]},"com.incash.money.earning":{"useWhitelist":true,"excludeSystemApps":true,"applyTemplates":["Integrity-Box-Whitelist"],"extraAppList":[]},"com.nianticproject.ingress":{"useWhitelist":true,"excludeSystemApps":true,"applyTemplates":["Integrity-Box-Whitelist"],"extraAppList":[]},"in.irisbyyes.app":{"useWhitelist":true,"excludeSystemApps":true,"applyTemplates":["Integrity-Box-Whitelist"],"extraAppList":[]},"com.itau":{"useWhitelist":true,"excludeSystemApps":true,"applyTemplates":["Integrity-Box-Whitelist"],"extraAppList":[]},"money.jupiter":{"useWhitelist":true,"excludeSystemApps":true,"applyTemplates":["Integrity-Box-Whitelist"],"extraAppList":[]},"com.msf.kbank.mobile":{"useWhitelist":true,"excludeSystemApps":true,"applyTemplates":["Integrity-Box-Whitelist"],"extraAppList":[]},"com.kotak.neo":{"useWhitelist":true,"excludeSystemApps":true,"applyTemplates":["Integrity-Box-Whitelist"],"extraAppList":[]},"com.citrus.citruspay":{"useWhitelist":true,"excludeSystemApps":true,"applyTemplates":["Integrity-Box-Whitelist"],"extraAppList":[]},"com.grppl.android.shell.CMBlloydsTSB73":{"useWhitelist":true,"excludeSystemApps":true,"applyTemplates":["Integrity-Box-Whitelist"],"extraAppList":[]},"me.lyft.android":{"useWhitelist":true,"excludeSystemApps":true,"applyTemplates":["Integrity-Box-Whitelist"],"extraAppList":[]},"com.mada.madapay":{"useWhitelist":true,"excludeSystemApps":true,"applyTemplates":["Integrity-Box-Whitelist"],"extraAppList":[]},"com.bandhan.mBandhan":{"useWhitelist":true,"excludeSystemApps":true,"applyTemplates":["Integrity-Box-Whitelist"],"extraAppList":[]},"com.mcdonalds.mobileapp":{"useWhitelist":true,"excludeSystemApps":true,"applyTemplates":["Integrity-Box-Whitelist"],"extraAppList":[]},"com.mobikwik_new":{"useWhitelist":true,"excludeSystemApps":true,"applyTemplates":["Integrity-Box-Whitelist"],"extraAppList":[]},"com.telkomsel.telkomselcm":{"useWhitelist":true,"excludeSystemApps":true,"applyTemplates":["Integrity-Box-Whitelist"],"extraAppList":[]},"com.microsoft.office.outlook":{"useWhitelist":true,"excludeSystemApps":true,"applyTemplates":["Integrity-Box-Whitelist"],"extraAppList":[]},"ovo.id":{"useWhitelist":true,"excludeSystemApps":true,"applyTemplates":["Integrity-Box-Whitelist"],"extraAppList":[]},"com.paypal.android.p2pmobile":{"useWhitelist":true,"excludeSystemApps":true,"applyTemplates":["Integrity-Box-Whitelist"],"extraAppList":[]},"net.one97.paytm":{"useWhitelist":true,"excludeSystemApps":true,"applyTemplates":["Integrity-Box-Whitelist"],"extraAppList":[]},"com.hdfcbank.payzapp":{"useWhitelist":true,"excludeSystemApps":true,"applyTemplates":["Integrity-Box-Whitelist"],"extraAppList":[]},"com.phonepe.app":{"useWhitelist":true,"excludeSystemApps":true,"applyTemplates":["Integrity-Box-Whitelist"],"extraAppList":[]},"com.pubali.internet.banking":{"useWhitelist":true,"excludeSystemApps":true,"applyTemplates":["Integrity-Box-Whitelist"],"extraAppList":[]},"com.isg.mobile.creditcard.pnb":{"useWhitelist":true,"excludeSystemApps":true,"applyTemplates":["Integrity-Box-Whitelist"],"extraAppList":[]},"com.Version1":{"useWhitelist":true,"excludeSystemApps":true,"applyTemplates":["Integrity-Box-Whitelist"],"extraAppList":[]},"com.nianticlabs.pokemongo":{"useWhitelist":true,"excludeSystemApps":true,"applyTemplates":["Integrity-Box-Whitelist"],"extraAppList":[]},"com.popclub.android":{"useWhitelist":true,"excludeSystemApps":true,"applyTemplates":["Integrity-Box-Whitelist"],"extraAppList":[]},"com.saraswat.mobilebankingv2":{"useWhitelist":true,"excludeSystemApps":true,"applyTemplates":["Integrity-Box-Whitelist"],"extraAppList":[]},"air.app.scb.breeze.android.main.in.prod":{"useWhitelist":true,"excludeSystemApps":true,"applyTemplates":["Integrity-Box-Whitelist"],"extraAppList":[]},"hr.asseco.android.jimba.mUCI.cz":{"useWhitelist":true,"excludeSystemApps":true,"applyTemplates":["Integrity-Box-Whitelist"],"extraAppList":[]},"in.swiggy.android":{"useWhitelist":true,"excludeSystemApps":true,"applyTemplates":["Integrity-Box-Whitelist"],"extraAppList":[]},"com.microsoft.teams":{"useWhitelist":true,"excludeSystemApps":true,"applyTemplates":["Integrity-Box-Whitelist"],"extraAppList":[]},"sa.com.stcpay":{"useWhitelist":true,"excludeSystemApps":true,"applyTemplates":["Integrity-Box-Whitelist"],"extraAppList":[]},"com.tatadigital.tcp":{"useWhitelist":true,"excludeSystemApps":true,"applyTemplates":["Integrity-Box-Whitelist"],"extraAppList":[]},"com.ubercab":{"useWhitelist":true,"excludeSystemApps":true,"applyTemplates":["Integrity-Box-Whitelist"],"extraAppList":[]},"tw.nekomimi.nekogram":{"useWhitelist":true,"excludeSystemApps":true,"applyTemplates":["Integrity-Box-Whitelist"],"extraAppList":[]},"com.uob.mightymy":{"useWhitelist":true,"excludeSystemApps":true,"applyTemplates":["Integrity-Box-Whitelist"],"extraAppList":[]},"com.sbi.lotusintouch":{"useWhitelist":true,"excludeSystemApps":true,"applyTemplates":["Integrity-Box-Whitelist"],"extraAppList":[]},"com.zeptoconsumerapp":{"useWhitelist":true,"excludeSystemApps":true,"applyTemplates":["Integrity-Box-Whitelist"],"extraAppList":[]},"com.hanaskcard.paycla":{"useWhitelist":true,"excludeSystemApps":true,"applyTemplates":["Integrity-Box-Whitelist"],"extraAppList":[]},"com.ujjivanbank.mobilebanking":{"useWhitelist":true,"excludeSystemApps":true,"applyTemplates":["Integrity-Box-Whitelist"],"extraAppList":[]},"co.tide.tideplatform.in":{"useWhitelist":true,"excludeSystemApps":true,"applyTemplates":["Integrity-Box-Whitelist"],"extraAppList":[]},"com.rbc.mobile.android":{"useWhitelist":true,"excludeSystemApps":true,"applyTemplates":["Integrity-Box-Whitelist"],"extraAppList":[]},"it.pagopa.io.app":{"useWhitelist":true,"excludeSystemApps":true,"applyTemplates":["Integrity-Box-Whitelist"],"extraAppList":[]},"com.cloudtradetech.sky":{"useWhitelist":true,"excludeSystemApps":true,"applyTemplates":["Integrity-Box-Whitelist"],"extraAppList":[]},"com.bsm.activity2":{"useWhitelist":true,"excludeSystemApps":true,"applyTemplates":["Integrity-Box-Whitelist"],"extraAppList":[]},"com.adityabirlacapitaldigital.OneApp":{"useWhitelist":true,"excludeSystemApps":true,"applyTemplates":["Integrity-Box-Whitelist"],"extraAppList":[]},"com.openai.chatgpt":{"useWhitelist":true,"excludeSystemApps":true,"applyTemplates":["Integrity-Box-Whitelist"],"extraAppList":[]},"com.tonik.mobile":{"useWhitelist":true,"excludeSystemApps":true,"applyTemplates":["Integrity-Box-Whitelist"],"extraAppList":[]},"com.zhenxi.hunter":{"useWhitelist":true,"excludeSystemApps":true,"applyTemplates":["Integrity-Box-Whitelist"],"extraAppList":[]},"io.github.vvb2060.keyattestation":{"useWhitelist":true,"excludeSystemApps":true,"applyTemplates":["Integrity-Box-Whitelist"],"extraAppList":[]},"org.cdac.updatemkavach":{"useWhitelist":true,"excludeSystemApps":true,"applyTemplates":["Integrity-Box-Whitelist"],"extraAppList":[]},"com.reveny.nativecheck":{"useWhitelist":true,"excludeSystemApps":true,"applyTemplates":["Integrity-Box-Whitelist"],"extraAppList":[]},"icu.nullptr.nativetest":{"useWhitelist":true,"excludeSystemApps":false,"applyTemplates":["Integrity-Box-Whitelist"],"extraAppList":[]},"com.kimchangyoun.rootbeerFresh.sample":{"useWhitelist":true,"excludeSystemApps":true,"applyTemplates":["Integrity-Box-Whitelist"],"extraAppList":[]},"com.example.rootdetectorapp":{"useWhitelist":true,"excludeSystemApps":true,"applyTemplates":["Integrity-Box-Whitelist"],"extraAppList":[]},"com.byxiaorun.detector":{"useWhitelist":true,"excludeSystemApps":true,"applyTemplates":["Integrity-Box-Whitelist"],"extraAppList":[]},"io.github.rabehx.securify":{"useWhitelist":true,"excludeSystemApps":true,"applyTemplates":["Integrity-Box-Whitelist"],"extraAppList":[]},"krypton.tbsafetychecker":{"useWhitelist":true,"excludeSystemApps":true,"applyTemplates":["Integrity-Box-Whitelist"],"extraAppList":[]},"com.rupiyo.realmoney.rewardsapp":{"useWhitelist":true,"excludeSystemApps":true,"applyTemplates":["Integrity-Box-Whitelist"],"extraAppList":[]},"com.ofss.obdx.and.nbe.com.eg":{"useWhitelist":true,"excludeSystemApps":true,"applyTemplates":["Integrity-Box-Whitelist"],"extraAppList":[]},"com.paygo24.ibank":{"useWhitelist":true,"excludeSystemApps":true,"applyTemplates":["Integrity-Box-Whitelist"],"extraAppList":[]},"com.yellowpepper.pichincha":{"useWhitelist":true,"excludeSystemApps":true,"applyTemplates":["Integrity-Box-Whitelist"],"extraAppList":[]},"com.bcp.bank.bcp":{"useWhitelist":true,"excludeSystemApps":true,"applyTemplates":["Integrity-Box-Whitelist"],"extraAppList":[]},"com.bancomer.mbanking":{"useWhitelist":true,"excludeSystemApps":true,"applyTemplates":["Integrity-Box-Whitelist"],"extraAppList":[]},"com.appdeuna.wallet":{"useWhitelist":true,"excludeSystemApps":true,"applyTemplates":["Integrity-Box-Whitelist"],"extraAppList":[]},"com.fedmobile":{"useWhitelist":true,"excludeSystemApps":true,"applyTemplates":["Integrity-Box-Whitelist"],"extraAppList":[]},"ph.com.gotyme":{"useWhitelist":true,"excludeSystemApps":true,"applyTemplates":["Integrity-Box-Whitelist"],"extraAppList":[]},"pl.pkobp.iko":{"useWhitelist":true,"excludeSystemApps":true,"applyTemplates":["Integrity-Box-Whitelist"],"extraAppList":[]},"sinet.startup.inDriver":{"useWhitelist":true,"excludeSystemApps":true,"applyTemplates":["Integrity-Box-Whitelist"],"extraAppList":[]},"com.egyptianbanks.instapay":{"useWhitelist":true,"excludeSystemApps":true,"applyTemplates":["Integrity-Box-Whitelist"],"extraAppList":[]},"com.jago.digitalBanking":{"useWhitelist":true,"excludeSystemApps":true,"applyTemplates":["Integrity-Box-Whitelist"],"extraAppList":[]},"com.bpjstku":{"useWhitelist":true,"excludeSystemApps":true,"applyTemplates":["Integrity-Box-Whitelist"],"extraAppList":[]},"com.kotak811mobilebankingapp.instantsavingsupiscanandpayrecharge":{"useWhitelist":true,"excludeSystemApps":true,"applyTemplates":["Integrity-Box-Whitelist"],"extraAppList":[]},"br.com.livelo.app":{"useWhitelist":true,"excludeSystemApps":true,"applyTemplates":["Integrity-Box-Whitelist"],"extraAppList":[]},"id.bmri.livin":{"useWhitelist":true,"excludeSystemApps":true,"applyTemplates":["Integrity-Box-Whitelist"],"extraAppList":[]},"at.rsg.pfp":{"useWhitelist":true,"excludeSystemApps":false,"applyTemplates":["Integrity-Box-Whitelist"],"extraAppList":[]},"hr.asseco.android.jimba.mUCI.ro":{"useWhitelist":true,"excludeSystemApps":true,"applyTemplates":["Integrity-Box-Whitelist"],"extraAppList":[]},"app.bpjs.mobile":{"useWhitelist":true,"excludeSystemApps":true,"applyTemplates":["Integrity-Box-Whitelist"],"extraAppList":[]},"com.bca.mybca.omni.android":{"useWhitelist":true,"excludeSystemApps":true,"applyTemplates":["Integrity-Box-Whitelist"],"extraAppList":[]},"id.co.cimbniaga.mobile.android":{"useWhitelist":true,"excludeSystemApps":true,"applyTemplates":["Integrity-Box-Whitelist"],"extraAppList":[]},"com.jio.myjio":{"useWhitelist":true,"excludeSystemApps":true,"applyTemplates":["Integrity-Box-Whitelist"],"extraAppList":[]},"com.tedmob.omt":{"useWhitelist":true,"excludeSystemApps":true,"applyTemplates":["Integrity-Box-Whitelist"],"extraAppList":[]},"com.picpay":{"useWhitelist":true,"excludeSystemApps":true,"applyTemplates":["Integrity-Box-Whitelist"],"extraAppList":[]},"sg.ndi.sp":{"useWhitelist":true,"excludeSystemApps":true,"applyTemplates":["Integrity-Box-Whitelist"],"extraAppList":[]},"indwin.c3.shareapp":{"useWhitelist":true,"excludeSystemApps":true,"applyTemplates":["Integrity-Box-Whitelist"],"extraAppList":[]},"my.com.tngdigital.ewallet":{"useWhitelist":true,"excludeSystemApps":true,"applyTemplates":["Integrity-Box-Whitelist"],"extraAppList":[]},"com.wallet.crypto.trustapp":{"useWhitelist":true,"excludeSystemApps":true,"applyTemplates":["Integrity-Box-Whitelist"],"extraAppList":[]},"com.tvp.vodtv.mobile":{"useWhitelist":true,"excludeSystemApps":true,"applyTemplates":["Integrity-Box-Whitelist"],"extraAppList":[]},"app.com.brd":{"useWhitelist":true,"excludeSystemApps":true,"applyTemplates":["Integrity-Box-Whitelist"],"extraAppList":[]},"com.infrasoft.uboi":{"useWhitelist":true,"excludeSystemApps":true,"applyTemplates":["Integrity-Box-Whitelist"],"extraAppList":[]},"com.rhbgroup.rhbmobilebanking":{"useWhitelist":true,"excludeSystemApps":true,"applyTemplates":["Integrity-Box-Whitelist"],"extraAppList":[]},"ro.btrl.pay":{"useWhitelist":true,"excludeSystemApps":true,"applyTemplates":["Integrity-Box-Whitelist"],"extraAppList":[]},"ro.btrl.mobile":{"useWhitelist":true,"excludeSystemApps":true,"applyTemplates":["Integrity-Box-Whitelist"],"extraAppList":[]},"com.microsoft.windowsintune.companyportal":{"useWhitelist":true,"excludeSystemApps":true,"applyTemplates":["Integrity-Box-Whitelist"],"extraAppList":[]},"com.dream11.fantasy.cricket.football.kabaddi":{"useWhitelist":true,"excludeSystemApps":true,"applyTemplates":["Integrity-Box-Whitelist"],"extraAppList":[]},"com.mantra.rdservice":{"useWhitelist":true,"excludeSystemApps":true,"applyTemplates":["Integrity-Box-Whitelist"],"extraAppList":[]},"com.ebankit.com.bt":{"useWhitelist":true,"excludeSystemApps":true,"applyTemplates":["Integrity-Box-Whitelist"],"extraAppList":[]},"com.qnbalahli.bebasata":{"useWhitelist":true,"excludeSystemApps":true,"applyTemplates":["Integrity-Box-Whitelist"],"extraAppList":[]},"com.revolut.revolut":{"useWhitelist":true,"excludeSystemApps":true,"applyTemplates":["Integrity-Box-Whitelist"],"extraAppList":[]},"com.verimi":{"useWhitelist":true,"excludeSystemApps":true,"applyTemplates":["Integrity-Box-Whitelist"],"extraAppList":[]},"com.whatsapp.w4b":{"useWhitelist":true,"excludeSystemApps":true,"applyTemplates":["Integrity-Box-Whitelist"],"extraAppList":[]},"com.swisssign.swissid.mobile":{"useWhitelist":true,"excludeSystemApps":true,"applyTemplates":["Integrity-Box-Whitelist"],"extraAppList":[]},"com.vnpay.bidv":{"useWhitelist":false,"excludeSystemApps":false,"applyTemplates":["Integrity-Box-Blacklist"],"extraAppList":[]},"com.vnptit.vnpt_kyso_v2":{"useWhitelist":false,"excludeSystemApps":false,"applyTemplates":["Integrity-Box-Blacklist"],"extraAppList":[]},"com.vnid":{"useWhitelist":false,"excludeSystemApps":false,"applyTemplates":["Integrity-Box-Blacklist"],"extraAppList":[]},"com.mbmobile":{"useWhitelist":false,"excludeSystemApps":false,"applyTemplates":["Integrity-Box-Blacklist"],"extraAppList":[]},"icu.nullptr.applistdetector":{"useWhitelist":true,"excludeSystemApps":true,"applyTemplates":["Integrity-Box-Whitelist"],"extraAppList":[]},"vn.com.techcombank.bb.app":{"useWhitelist":false,"excludeSystemApps":false,"applyTemplates":["Integrity-Box-Blacklist"],"extraAppList":[]},"com.shopee.vn":{"useWhitelist":false,"excludeSystemApps":false,"applyTemplates":["Integrity-Box-Blacklist"],"extraAppList":[]},"com.android.vending":{"useWhitelist":false,"excludeSystemApps":true,"applyTemplates":["Integrity-Box-Blacklist"],"extraAppList":["com.xiaomi.wearable","com.rvx.android.youtube"]},"com.google.android.gms":{"useWhitelist":false,"excludeSystemApps":true,"applyTemplates":["Integrity-Box-Blacklist"],"extraAppList":[]},"com.vnp.myvinaphone":{"useWhitelist":false,"excludeSystemApps":false,"applyTemplates":["Integrity-Box-Blacklist"],"extraAppList":[]}}}